first_name,last_name,DOB,state,profit
Aundrea,Outridge,2001-01-24,VIC,602.3534449203444
Tomaso,Horsley,2001-04-16,VIC,602.1179259779857
Tanya,Hamberston,2000-09-25,QLD,601.0960944405817
Ailyn,Howgate,2001-09-27,QLD,598.2398821575607
Kelcie,Kingaby,2000-03-24,QLD,595.5056465032462
Giulietta,Garbott,2002-02-27,VIC,592.9334426512992
Jacobo,Mucklow,1952-12-04,VIC,592.0583520277722
Isa,Fominov,2001-06-21,NSW,589.2143286364997
Hersh,Stubbert,2000-06-25,QLD,588.4906603985767
Lura,Fawdrie,2002-01-17,QLD,587.790256199462
Isak,Bergstram,2001-03-08,NSW,585.6212592240377
Arleen,Casbolt,1975-05-10,QLD,583.2967119542994
Evangelin,Boc,2000-05-09,VIC,582.7476808208139
Kiley,Grunder,1994-04-17,QLD,582.4831246643283
Cristie,Bence,2000-04-17,QLD,582.4513073024938
Link,Gorini,1974-11-09,QLD,582.389001156256
Gregg,Aimeric,,VIC,581.6859641041453
Skipp,Swales,1973-11-14,VIC,580.052801377151
Dmitri,,1991-02-06,VIC,579.9375974351818
Adolpho,Bellerby,1944-10-25,QLD,579.7287722761431
Moina,Rosenbaum,2001-08-04,VIC,579.5760482026951
Karoly,Burgoine,1947-04-06,VIC,579.1863665191133
Manya,Abramovici,1955-07-17,QLD,578.4335015166708
Harlene,Nono,,NSW,577.3312486994928
Tomkin,Bernlin,2001-12-29,NSW,576.2762680274433
Pansie,Beccero,1964-07-07,QLD,576.1625215917695
Leona,Shorrock,1951-08-23,QLD,575.7154912568669
Taylor,Steuhlmeyer,1999-03-22,QLD,575.3406900878566
Keenan,Moriarty,1994-12-23,QLD,575.0998117726676
Burk,Wortley,2001-10-17,NSW,574.8419877073683
Tobiah,Heinsius,2000-01-25,NSW,574.7520779856096
Alex,Patshull,1966-01-02,QLD,574.4590534181115
Lillis,Eshmade,1974-10-12,QLD,574.4475369889585
Melosa,McOwan,2001-04-17,NSW,574.3412596717773
Simmonds,Bapty,2002-01-04,NSW,573.9882066689096
Bastien,Ibbeson,1976-11-04,NSW,573.8581037956758
Erhard,O'Moylane,1978-05-27,VIC,573.7585808231952
Cord,Dunsmore,1999-04-21,QLD,573.6702634871127
Gerta,Porrett,1959-11-13,VIC,573.6496057496073
Normy,Goodinge,,VIC,573.5072203898675
Ellsworth,Andrieux,1971-04-26,QLD,572.6417400531159
Norah,Mapis,2000-12-09,NSW,572.395550153925
Emelia,Ackwood,1988-09-30,QLD,571.9586021995024
Gunner,Petti,1999-06-08,QLD,571.9363007544199
Roth,Crum,,NSW,571.9219598434416
Reinhard,Oscroft,1950-03-18,VIC,571.8350779603331
Judi,Cazereau,1997-03-03,VIC,571.8085336743907
Andrew,Froment,1977-07-19,VIC,571.7203443508635
Gerik,Woodroof,1959-06-13,VIC,571.6448563159382
Tracy,Andrejevic,,VIC,571.3464251866855
Palmer,Heaven,1995-05-18,VIC,571.2203010655647
Farris,Skettles,1965-07-03,VIC,570.9874534575971
Melloney,Temby,1954-10-05,QLD,570.9172185516245
Chicky,Sinclar,,VIC,570.7678765442228
Rand,Winchcum,2000-04-10,NSW,570.7565705048924
Reinold,Natt,1964-08-23,VIC,570.5402084130856
Burt,Vasechkin,1950-04-15,VIC,570.3103583084893
Barth,Sapshed,1994-06-16,QLD,570.251926029256
Ebony,Conrad,1999-10-24,VIC,570.1209481127503
Lucien,,1966-09-14,QLD,569.9471061808214
Zollie,Crinidge,1988-01-10,QLD,569.850440137875
Jammal,Devenny,1999-05-14,VIC,569.5950878511845
Shadow,Yakutin,1967-02-03,QLD,569.572989674253
Arty,Fontelles,1994-10-21,VIC,569.1974429554693
Ogdan,Blenkinship,1951-01-18,VIC,569.1326192995547
Paten,Cayet,1995-02-19,VIC,568.7851682653347
George,Jose,1960-12-19,QLD,568.6658720286421
Ansell,Tolhurst,1949-08-11,NSW,568.5446450409654
Agneta,McAmish,,QLD,568.3417440385933
Tannie,Petrakov,1951-11-27,QLD,568.2637360927133
Kissie,Line,2000-05-20,NSW,568.034017497221
Cami,Barnbrook,1963-01-01,QLD,568.0062577332207
Cal,Van den Velde,1996-03-18,VIC,567.9993609682623
Sheena,Kybbye,1956-07-16,QLD,567.7812525120792
Meriel,Tapp,1995-08-13,VIC,567.6393174865952
Julita,Prene,1979-05-16,QLD,567.6028993577586
Ariel,McCloid,1994-03-13,VIC,567.2935487523499
Seymour,Fellibrand,1971-10-11,QLD,567.2588874020213
Garreth,Minett,1961-05-23,VIC,567.2099786500631
Estevan,Eastment,1942-08-09,NSW,567.2063476808236
Deana,Canton,1974-11-25,QLD,567.0607894078365
Shaw,MacEvilly,2000-05-06,NSW,567.0210890226307
Roberta,Goodale,1947-02-28,QLD,566.6582697726044
Kearney,Cuddehy,1997-05-18,QLD,566.3640857054905
Melany,Ladewig,1972-05-17,QLD,566.2260831763598
Bink,Bentje,1957-03-23,NSW,566.1300562283398
Nancie,Vian,1972-12-27,QLD,566.0127683387949
Garik,Whitwell,1955-06-13,VIC,566.0002984312656
Gregorius,Leal,1951-04-29,NSW,565.867359661252
Mikol,Eck,1975-07-25,QLD,565.7083823202297
Rodolph,Denniss,1974-08-07,VIC,565.6647125365604
Cristen,Wiltshire,1961-10-20,VIC,565.648936864408
Rochette,Haddacks,1996-05-10,VIC,565.5741919361282
Darwin,Bumpas,1978-12-27,VIC,565.1789140379742
Clotilda,Southers,1999-11-08,NSW,565.054834484365
Jacqui,Devey,1995-10-01,NSW,564.9304726523658
Agace,Hedge,1997-07-23,VIC,564.8759357590216
Feodor,Englishby,1961-08-14,VIC,564.8605067397342
Jesse,Crosio,1994-04-15,VIC,564.8584020554022
Dory,Malpass,1972-08-27,QLD,564.8229970345118
Marinna,Kauschke,1973-03-15,VIC,564.7686255879994
Delcina,Hursey,1968-12-26,QLD,564.5969169482491
Amara,Clow,1966-11-17,VIC,564.5290476864204
Free,Rowland,1956-05-17,VIC,564.4903258061123
Porty,Hansed,,NSW,564.425658706751
Esdras,Birchett,1950-12-09,NSW,564.292797050124
Diego,Van den Broek,1964-09-28,QLD,564.2905840314609
Andree,Breeds,1954-10-19,VIC,564.2581065482118
Morton,Petkens,1990-11-13,VIC,564.178589088166
Fitzgerald,Hellikes,1979-07-28,VIC,564.1036523156625
Joane,Caldes,1978-03-17,NSW,563.9818784169679
Bertine,Smalles,1983-12-10,VIC,563.9592429520702
Otha,Langworthy,1967-01-20,VIC,563.8689404812136
Rozamond,Turtle,,VIC,563.8364900208115
Sharline,Abyss,1960-03-18,QLD,563.7144460150844
Kellyann,Adshad,1940-06-07,NSW,563.704940933231
Cristen,Maroney,1999-11-21,QLD,563.7046376500865
Eddy,Sturch,1961-02-11,QLD,563.5374315930702
Druci,Brandli,1951-04-29,QLD,563.5116433738856
Grannie,Cracker,1949-03-06,QLD,563.458856474354
Gannie,Bargh,1955-02-13,VIC,563.3995353688595
Shay,Briand,1956-10-05,VIC,563.2919325188225
Gleda,Howerd,1964-01-22,NSW,563.2808194833656
Whittaker,,1966-07-29,VIC,563.2684052813368
Leisha,McConway,1975-10-31,VIC,563.1846094804666
Irving,Babcock,1986-01-17,NSW,563.1347259761295
Quillan,Guinane,1946-03-24,NSW,563.032610185786
Casandra,Betteridge,1942-09-10,VIC,562.9725688115435
Errick,Burgin,1998-08-19,NSW,562.9123772522427
Nixie,Shoesmith,1956-12-04,QLD,562.7460135341641
Hayes,Daveren,1953-03-27,QLD,562.7335355894371
Jobina,Gobourn,1994-12-04,QLD,562.7298945971964
Darb,,1969-06-04,QLD,562.6632255978118
Sid,Carlone,1971-08-18,QLD,562.5788220282708
Roman,Eastwood,1969-09-21,VIC,562.4944000171403
Alfonso,Massel,1940-12-05,VIC,562.4253708338598
Fonsie,Levane,1951-07-10,QLD,562.4208491893366
Dahlia,Shovlar,1966-03-07,VIC,562.4093317727253
Karlik,Penchen,1994-10-31,QLD,562.3721676289776
Kippar,Whyatt,1960-01-21,NSW,562.3269719874414
Nalani,Hallad,1999-11-30,VIC,562.3189534754132
Alon,,1999-06-23,QLD,562.2756401012546
Deirdre,Burgoine,1955-01-08,VIC,562.1896600741494
Gina,Mallon,1994-02-11,QLD,562.1842558975208
Andrea,Pendle,1938-08-05,QLD,562.1772277305622
Vladimir,Westmerland,1956-06-19,NSW,562.0622066083222
Tabbie,Curner,1997-03-13,VIC,561.9991078815804
Renell,Earley,1954-10-21,QLD,561.9664576862531
Glennis,Flintoff,1956-10-22,VIC,561.9146191560965
Moll,Ogilby,1980-12-19,QLD,561.85688472883
Dorie,Dunleavy,1962-05-05,VIC,561.8185921042913
Symon,Mawne,1943-02-08,VIC,561.7997330157209
Kata,Harrop,1950-05-04,NSW,561.656420962103
Raff,Waycott,1951-12-16,VIC,561.585784178224
Abigale,Sives,1963-12-13,QLD,561.5719280183357
Wilbert,O'Loughnan,1983-05-18,QLD,561.4782281249013
Gretel,Paschke,1956-05-29,QLD,561.4287206525034
Augie,Swallwell,1939-08-22,NSW,561.3946180650538
Rebeca,Aggas,1953-02-27,VIC,561.3854801437976
Wallace,Newart,1977-12-06,QLD,561.3711166558302
Bryan,Jachtym,1974-05-15,VIC,561.3348933498546
Leighton,Firbanks,1973-12-22,QLD,561.2598557618005
Brigg,Himsworth,1973-10-10,QLD,561.2390979861938
Glyn,,1945-02-13,NSW,561.2260184848602
Haleigh,,1952-05-19,QLD,561.1240324912643
Rozamond,Sommer,1966-09-19,VIC,561.0547798110752
Rockie,MacKibbon,1978-04-20,NSW,561.0169112368245
Kippy,Barabisch,2000-04-07,NSW,560.9432272022135
Leticia,Hovenden,1997-04-03,VIC,560.8408572371821
Cobbie,Bruyett,1956-03-19,NSW,560.7711798189663
Dodi,Kiggel,1980-08-15,NSW,560.6510691028611
Jordan,Clampe,1939-12-09,QLD,560.6135825465201
Hildegarde,Bamb,1961-02-10,VIC,560.6083024649303
Arel,Abramovitz,1957-11-12,QLD,560.5753395308385
Shepperd,Ricards,1967-09-27,NSW,560.5707708052662
Federico,Leuty,1978-12-11,NSW,560.5628987378486
Cecelia,Cisar,1985-03-26,QLD,560.5184559438369
Selle,Casper,1978-03-27,NSW,560.5094164492507
Lucius,Hatchell,1951-03-19,VIC,560.507949893211
Benedict,Rosas,1955-11-25,NSW,560.5043021657729
Pace,Clemonts,1990-07-28,VIC,560.4614849159427
Pancho,Edis,1970-12-30,VIC,560.4001151704252
Logan,Colomb,1948-01-01,NSW,560.3523992057816
Lorrie,Antonelli,1983-02-11,NSW,560.3185019470377
Maximilian,Geffen,1955-07-13,NSW,560.2954782295766
Nil,Shirer,1997-09-27,VIC,560.290514377
Barnebas,Apfel,1996-02-19,QLD,560.2773506037394
Agna,Cowpe,1969-03-05,QLD,560.2644958995386
Worthington,Ahmed,1972-03-24,VIC,560.2354259574419
Heall,Andrioli,1941-06-17,QLD,560.1909679114758
Griswold,Kelsall,1993-12-19,VIC,560.1176731802348
Flin,Yoskowitz,1995-12-17,NSW,560.0792317287724
Thorvald,Duckerin,1995-10-20,VIC,560.0278330203103
Hussein,Tapenden,1953-10-19,NSW,559.8671381054255
Giselbert,Pickring,1959-07-28,NSW,559.8243249914643
Hamel,Curzey,1990-04-04,QLD,559.7121600802752
Hatti,Carletti,,NSW,559.6582070691098
Oswald,MacCarlich,1991-11-24,QLD,559.6432725887859
Artemis,Swanson,1977-02-12,VIC,559.5742853297669
Jo,Roberts,1945-10-31,NSW,559.5311224494768
Jerrine,Cosbey,1978-01-11,VIC,559.5154114610791
Georgetta,Lovett,1940-02-02,QLD,559.5061172950811
Chickie,Brister,1957-07-12,QLD,559.4888216943356
Ingmar,Okenden,1959-03-01,VIC,559.40715614129
Frieda,Tavinor,1999-03-04,VIC,559.3797565378185
Gilli,Christophers,1948-03-02,QLD,559.3781631102827
Maximilien,Bourget,1969-04-29,VIC,559.2267471179368
Xenia,Maleck,1960-02-14,VIC,559.1437966188728
Piper,Issacov,1939-11-08,NSW,559.141718205227
Latrena,Walklate,1943-10-05,NSW,559.1167302181757
Leeland,,1957-01-24,QLD,558.93270068466
Dickie,Cubbini,1952-12-17,QLD,558.8813608199979
Daryl,Pauncefort,1979-06-18,NSW,558.7634396696125
Antony,Tuma,1954-03-10,VIC,558.7183646621179
Ewell,Paulusch,1998-01-15,QLD,558.6998212091482
Beverlee,Querree,1991-04-21,NSW,558.6981164669455
Dru,Crellim,1963-03-04,VIC,558.5906869766806
Shane,Diss,1980-10-29,VIC,558.5454634415777
Nicole,Ruckhard,1969-10-09,QLD,558.5176496039165
Charlena,Berney,1966-01-02,QLD,558.4813117852906
Iain,Haversham,1950-12-26,NSW,558.4238870197838
Isadora,Ducker,1973-08-25,VIC,558.3825693799718
Jenelle,Mc-Kerley,1942-01-23,QLD,558.343189694665
Olive,Mozzi,1955-07-06,NSW,558.3279991590898
Suzy,Trounson,1947-07-19,QLD,558.2963008700516
Harlin,Mazin,1974-03-25,NSW,558.2896156003951
Aldridge,Poskitt,1982-02-10,QLD,558.2811640061481
Shara,Bramhill,,NSW,558.2726272329091
Poul,Gaskin,1950-06-15,NSW,558.2059827246919
Devonne,Alderwick,1939-01-29,VIC,558.1546099529108
Johna,Bunker,,VIC,558.1376188014286
Annabelle,Hanwell,1951-11-28,VIC,558.1135226883266
Zachariah,Meininking,1938-06-09,NSW,558.089645450808
Wheeler,Winward,1999-08-30,VIC,558.0797999991905
Benedikt,Adamou,1987-01-15,VIC,558.0214839996736
Kevina,Ferandez,1999-09-21,QLD,558.0144012812228
Noel,Sturch,1951-10-28,VIC,558.003732739809
Sofie,Worsfold,1954-10-06,QLD,557.9828613173034
Allsun,Biner,1997-12-26,NSW,557.9424434927154
Levy,Abramamov,1952-09-21,QLD,557.9248996878157
Brien,Heaton,1951-11-28,NSW,557.9121910680766
Leticia,Danovich,1941-10-02,QLD,557.8457212175676
Diane,Furman,1993-08-11,VIC,557.791103844064
Tina,Dunstan,1939-03-06,NSW,557.7580165560306
Elsworth,Abbitt,1956-02-08,VIC,557.7210087066472
Kyle,Michie,1958-07-19,VIC,557.7098719543117
Nev,Prosh,1950-05-08,NSW,557.6832668591625
Nora,Anselm,1961-01-05,QLD,557.6522174389471
Shellysheldon,Bichard,1954-01-06,QLD,557.6388499706151
Laurena,,1961-07-31,VIC,557.6383160172869
Nobe,McAughtry,1978-12-14,QLD,557.6131289803311
Giorgi,O'Shirine,1981-06-20,VIC,557.5846290983432
Cecily,Faircley,1947-06-12,QLD,557.5182762086795
Rourke,Gillbard,1945-08-03,QLD,557.4853155595548
Marissa,O'Scandall,1973-07-13,VIC,557.4767911828791
Caritta,Compston,1958-04-25,VIC,557.4210622518693
Paxon,Roomes,1976-11-06,VIC,557.285025452332
Otes,Elegood,1940-11-25,NSW,557.2633824129438
Ricki,Padefield,1948-08-03,QLD,557.2617177931721
Nicolas,O'Donnell,1986-09-25,VIC,557.163092136282
Eleonora,Wiszniewski,1980-04-23,QLD,557.1451650806664
Jamal,Dudgeon,1965-02-09,VIC,557.0392170753986
Ashleigh,,1996-04-05,VIC,557.0074418624264
Jermaine,Bagshawe,1954-05-14,QLD,556.9785523862336
Evonne,Bembridge,1969-07-06,VIC,556.9744779893732
Amby,Bodega,1968-06-12,VIC,556.9083638853618
Evered,Gludor,1951-04-30,NSW,556.9060525401553
Art,Shardlow,1963-10-15,QLD,556.7987067145004
Celeste,Fretson,1980-09-16,NSW,556.7961006081878
Abner,Fraschetti,1986-01-23,VIC,556.7840579821897
Kelsey,Hatt,1966-06-27,VIC,556.7691924512136
Dawn,Pyffe,1965-05-28,VIC,556.7486534257497
Charmain,Styles,1965-02-25,VIC,556.6894312015104
Brooke,Arling,1961-12-05,VIC,556.6550972201507
Bertrando,Carass,1956-06-25,NSW,556.6391713481086
Krystyna,Airey,1950-09-05,QLD,556.6377286914778
Corrine,Baribal,1948-10-12,NSW,556.5568306011611
Maurizio,Comi,1996-05-30,NSW,556.5321926344051
Debby,Balmadier,1992-06-24,VIC,556.4765892977509
Nico,Chadwick,1953-05-24,VIC,556.4638456118781
Cletis,Longley,1996-07-01,VIC,556.4377701075083
Colas,Gabbitas,1946-09-09,NSW,556.4096287700652
Rozamond,Riha,1984-10-07,QLD,556.3530034097065
Harman,A'field,1960-12-27,QLD,556.2335878791729
Sibby,Skinner,1981-05-05,QLD,556.2099313299665
Brod,Attrey,1966-11-05,NSW,556.0839651150582
Monty,Thomazin,1951-09-16,VIC,556.0668124496932
Nilson,Wiggam,1996-02-15,VIC,556.0492414810657
Sile,Zappel,1958-03-29,QLD,555.9964915185651
Latrena,Yetts,1999-06-18,NSW,555.9955575840588
Renie,Laundon,1973-12-18,QLD,555.9946797370282
Benedikta,Naptin,1995-08-13,NSW,555.95549218249
Dennis,Varnham,1953-05-17,VIC,555.948970379959
Sherwin,Minocchi,1947-07-13,NSW,555.9361345540235
Hunfredo,Hayball,1994-04-15,NSW,555.8277788878454
Theresina,,1987-03-01,NSW,555.7481538284401
Guilbert,Bearns,1982-10-29,VIC,555.734357024652
Reiko,Degenhardt,1976-01-16,QLD,555.7123403328275
Verla,Dumingos,1971-09-18,VIC,555.7118043860262
Huberto,Mollatt,1961-08-27,NSW,555.7015025648626
Son,Varney,1993-11-02,NSW,555.6608757563064
Trudie,Phinnessy,1960-07-04,VIC,555.610314392717
Reginald,Jermy,1960-09-12,QLD,555.5929208038607
Zondra,Ringham,1948-01-13,QLD,555.5820838428841
Alano,Satchel,1998-11-26,NSW,555.554619403008
Cheston,Hritzko,1945-11-08,NSW,555.4748284767787
Philbert,Bangs,1966-03-03,QLD,555.4081653378161
Dimitri,Tribbeck,1958-12-07,VIC,555.3833661496433
Jodi,Lermit,1954-01-30,QLD,555.3734114666928
Gardiner,Gypps,1991-06-01,NSW,555.3513256281917
Launce,Gale,1939-01-15,NSW,555.2786835879368
Deirdre,Sturgeon,1965-12-22,NSW,555.2620482557375
Kit,Easdon,1978-10-26,VIC,555.2186991976708
Harwell,Kleinstein,1993-10-18,VIC,555.1759273261578
Bobby,Summersby,1943-10-27,VIC,555.1592116225543
Laurie,,1979-07-28,NSW,555.1565961710317
Hilario,McCulloch,1986-01-10,VIC,555.1341645942015
Levin,Coxen,1955-10-22,NSW,555.1263484402405
Virginia,De Antoni,1964-03-14,NSW,555.0822860817507
Hyman,Petrolli,1965-09-09,VIC,555.0518472825845
Lucky,Klainman,1947-11-26,VIC,555.0047153356757
Zebulen,Emtage,1963-09-01,QLD,554.9197272871298
Corene,Hallgate,1964-11-06,VIC,554.9159870416403
Juliana,Mitchenson,1989-01-05,QLD,554.9025002704853
Sonni,Milligan,1988-03-05,VIC,554.8887020159143
Felice,Dechelette,1998-02-05,QLD,554.859046663379
Rhodie,Gaskall,1964-02-01,QLD,554.8239855145908
Raleigh,Pont,1964-11-02,VIC,554.822484268555
Deborah,Petrovsky,1943-07-14,NSW,554.805699107993
Markus,Pendrey,1959-08-01,NSW,554.7394432926027
Rodolphe,Glenton,1974-09-28,VIC,554.7299818371046
Demott,Mullaly,1982-12-15,NSW,554.715360595002
Giralda,MacPeake,1941-04-04,NSW,554.6913709195761
Bartram,Caltun,1956-09-15,NSW,554.677745357539
Danny,Bodle,1943-09-24,NSW,554.6732088075286
Ludvig,Andren,1941-02-22,QLD,554.6230730242609
Otis,Ottey,1998-02-05,QLD,554.5510486251378
Giffie,Offill,1993-03-02,QLD,554.5466011660367
Shepherd,Dutchburn,1976-08-12,NSW,554.5371527307028
Art,Carolan,1954-11-09,NSW,554.4415417884295
Katie,Warhurst,1991-12-02,VIC,554.4142142806817
Jenny,Massy,1963-10-16,NSW,554.402337354723
Leonora,Swetenham,1967-10-05,NSW,554.3464437730612
Eugenie,Brinson,1963-08-10,VIC,554.2587224049023
Celestina,Lethardy,1968-12-11,VIC,554.1260091408349
Jeanne,Darte,1955-08-18,NSW,554.0704696665983
Ricki,Dobrowski,1975-03-10,NSW,554.0538973367419
Rosabelle,Godsmark,1995-10-19,QLD,553.9812776680478
Briant,Ladley,1979-12-17,NSW,553.9147808141386
Kizzee,Kemston,1961-09-29,NSW,553.8395227366191
Solomon,Bruck,1957-11-15,QLD,553.8278227316517
Marcelia,Copins,1946-03-15,NSW,553.824388854856
Terrence,Dalligan,1998-02-19,VIC,553.75276472363
Lanie,Cobbold,1978-12-31,NSW,553.6538770278667
Kori,Sparsholt,1940-05-19,NSW,553.637275783928
Alfi,Sabbins,1959-06-12,NSW,553.6173360448652
Anet,Roseman,1996-11-24,VIC,553.6103891650982
Yorgos,Dewhurst,1950-09-09,QLD,553.5814426830742
Marc,Keunemann,1972-09-04,NSW,553.5614531287194
Milty,Brauninger,1945-07-10,NSW,553.5180785910073
Aldric,Birney,1971-08-19,NSW,553.5063373395606
Cazzie,Stanwix,1960-10-01,QLD,553.4806180419962
Bill,,1963-04-24,NSW,553.4079658366508
Randall,Mason,1974-07-28,NSW,553.3965289189553
Rosemonde,Cartwight,1952-10-20,QLD,553.3861944196766
Jehu,Prestedge,1999-10-20,NSW,553.3656947828426
Raynard,,1996-04-13,QLD,553.3528102153882
Ellwood,Budden,1998-06-03,NSW,553.3347315198619
Gerianne,Kaysor,,NSW,553.2409761757318
Muffin,Bhar,1966-04-07,NSW,553.2363112570483
Elianora,Poolton,1944-06-14,VIC,553.2214467337998
Tabbatha,Averill,1977-12-17,NSW,553.1975800568257
Sharai,Priddie,1961-01-16,NSW,553.1053868378265
My,Chaston,1966-07-16,VIC,553.0939928038713
Nicol,Bertot,1977-09-11,VIC,553.0504085025104
Alick,Baise,1998-08-16,NSW,553.0354756781148
Regine,Bownes,1952-07-01,VIC,553.0312662434262
Gaston,Dallaghan,1993-09-29,NSW,553.0271311085847
Sinclair,Wark,1974-02-21,NSW,553.0208455986033
Rollo,Louedey,1946-07-09,NSW,552.9731832881205
Liane,Poizer,1952-05-05,NSW,552.9580191603155
Amabel,,1981-09-14,NSW,552.9396140660946
Flossy,Concannon,1980-10-20,VIC,552.861815666745
Francisca,Pottage,1957-06-10,NSW,552.8529072604654
Ceciley,Harg,1990-10-19,QLD,552.8414892996606
Afton,Andrassy,1998-10-14,VIC,552.8369280957227
Vivienne,Crayden,1988-09-18,QLD,552.7964733992884
Benoit,Harniman,1976-08-27,QLD,552.7920242140535
Frans,Idale,1969-10-03,QLD,552.7603698049805
Amil,Ennor,1995-08-04,VIC,552.7581950194847
Emeline,Vezey,1953-08-07,VIC,552.6988745128633
Dorian,Stollen,1980-02-16,NSW,552.6939582074208
Torry,de la Valette Parisot,1967-03-14,VIC,552.6644895571577
Chaim,Kingdon,1996-01-21,NSW,552.6115666627998
Audry,Fann,1957-10-17,VIC,552.5984039907131
Craggy,Happel,1979-02-10,VIC,552.5631034349157
Dorotea,Fenwick,1950-10-12,NSW,552.4975899791167
Irvine,Headon,1956-04-21,NSW,552.4809034348758
Arman,Yakubov,1977-10-07,NSW,552.4468510020592
Donn,Chaney,1951-01-29,QLD,552.416679298846
Rockwell,Matson,1995-01-01,QLD,552.3870392983486
Ajay,Worham,1979-09-30,NSW,552.3601506762795
Teddie,Burchill,1968-12-21,NSW,552.3213258538274
Claudell,Rounsefell,1993-11-27,QLD,552.3133109761915
Pietra,Buckleigh,1949-04-29,NSW,552.2479727346002
Vitia,Axtens,1945-08-08,NSW,552.1763694317996
Maddalena,Hencke,1952-12-09,QLD,552.1537729769573
Frederich,Glantz,1997-08-27,NSW,552.1279940116717
Ginger,,1939-02-19,NSW,552.1016308612888
Frederigo,Cribbott,1965-03-15,NSW,552.082372448143
Stephi,Highton,1987-09-09,NSW,552.0714919507625
Adriana,Saundercock,,VIC,552.04026194858
Debbie,Tillman,1990-07-06,QLD,552.0372122072894
Sharron,Claibourn,1980-01-26,NSW,552.0220772282273
Sylas,Duffill,1955-10-02,NSW,551.9792180611729
Angele,Cadore,1954-09-06,QLD,551.9204569622841
Park,,1977-11-08,QLD,551.918326821124
Darryl,Hovee,1944-04-28,NSW,551.8931207721457
Consalve,Ballay,1959-09-18,NSW,551.8851118780793
Kylynn,Drowsfield,1975-03-28,VIC,551.8630948997961
Kylila,Basezzi,1945-06-11,QLD,551.8006549248985
Parnell,Lamprey,1977-04-08,NSW,551.7543443401828
Maris,Leete,1973-04-14,QLD,551.7522869791696
Hagen,MacCarter,1983-02-08,VIC,551.7165908207202
Tedra,Goodbanne,1978-01-15,VIC,551.671557839445
Beverly,Domnick,1938-12-10,NSW,551.6547385016072
Pierrette,Gummie,1966-08-04,VIC,551.6465618304027
Welby,Lourenco,1975-12-27,NSW,551.6405583308529
Petr,Westman,1987-11-02,QLD,551.547416806813
Inglis,Pickaver,1994-06-25,NSW,551.5368666043008
Nils,Champion,1984-07-06,NSW,551.5093471880411
Meade,McReedy,1968-11-23,NSW,551.5010680533765
Andy,Deeming,1979-01-09,QLD,551.4842882332337
Roddy,Rubinshtein,1987-10-08,QLD,551.4735182951251
Claresta,MacConnulty,1957-10-01,NSW,551.3815444108684
Sybilla,MacCart,1987-01-15,NSW,551.376141748293
Jethro,Mertel,1978-12-10,NSW,551.3587673536957
Denys,Minshall,1961-12-26,NSW,551.3388531532531
Erasmus,Olenchenko,1965-02-03,NSW,551.3141975836623
Truman,Arlett,1958-06-25,NSW,551.2983840373464
Cammy,Stoneham,1963-05-02,QLD,551.2964835155198
Nady,Withinshaw,1968-02-17,QLD,551.2464578769568
Perry,Whitehurst,1980-05-29,VIC,551.2026916096179
Queenie,Learie,1948-01-24,NSW,551.2021924756433
Dyane,Burwell,1952-06-27,NSW,550.994088568938
Glory,Chilcott,1939-09-09,QLD,550.9783591395494
Odilia,Quick,1938-11-09,NSW,550.94554166915
Dallas,Lavalde,1998-12-19,NSW,550.9055342519921
Lissa,Gawn,1962-09-21,QLD,550.8785498413393
Fredia,Favelle,1974-08-29,QLD,550.8400056642271
Ross,Vidgen,1947-12-28,QLD,550.7237884902951
Wyndham,Woolford,1979-10-22,VIC,550.7153798210616
Boothe,Hayselden,1940-05-18,NSW,550.5830817090077
Fara,Sarath,1948-06-30,NSW,550.5269156391859
Mariette,,1956-07-05,NSW,550.5176160961424
Calida,Schaben,1969-03-06,NSW,550.5027569373434
Bevvy,Openshaw,1975-06-15,NSW,550.4938467285851
Josepha,Clamp,1961-11-03,NSW,550.487023681366
Carry,Costi,1972-11-26,NSW,550.477144593458
Georgi,,1970-01-14,VIC,550.4273480311605
Roldan,Raybould,1975-11-18,VIC,550.4181598158024
Salomon,Perkins,1998-01-12,NSW,550.4085937949939
Carroll,Schlagman,1951-08-25,NSW,550.3880166223065
Cami,Eitter,1979-01-03,VIC,550.357247642731
Mycah,Beaston,1961-07-31,NSW,550.3243452644845
Aloysius,Killingsworth,1957-02-14,NSW,550.3068318375588
Sibylla,Kibble,1962-08-05,NSW,550.2784934210158
Kaine,Smallcombe,1942-02-06,NSW,550.2408004742576
Renate,Whyte,1963-12-08,NSW,550.2052897595672
Skippie,Yearsley,1956-09-04,QLD,550.1511458142185
Hedwig,Jayme,1952-08-21,NSW,550.1345420744681
Gerri,Schimann,1969-11-17,NSW,550.1131720618976
Ossie,Midden,1950-02-10,NSW,550.0260136269433
Clemmie,Bartoszewicz,1958-07-28,VIC,549.9139939434389
Orly,Nesbitt,1985-03-25,VIC,549.9104315159949
Archibald,Blessed,1969-02-10,NSW,549.8910704811676
Cissiee,Pollington,1941-07-21,NSW,549.8758789067707
Geoff,Gwillym,1999-02-22,NSW,549.8434345640179
Sigismund,Sedger,1999-11-29,NSW,549.8386393680032
Zabrina,Margram,1964-05-15,QLD,549.8118321698591
Anthony,Lindstrom,1997-11-01,NSW,549.6771109815929
Ahmed,Pickthorne,1959-12-25,NSW,549.6770142750229
Dominick,Asher,1962-10-06,VIC,549.6758294646145
Etan,Prinett,1970-01-21,NSW,549.6502371958168
Delly,Sunman,1959-04-11,VIC,549.6431850921878
Dexter,Shutle,1959-01-05,QLD,549.6227165595266
Killian,Nettles,1980-09-01,VIC,549.6145521968876
Lucilia,Minshall,1952-04-15,NSW,549.6060700149819
Sherilyn,Canero,1996-08-03,NSW,549.5722355018393
Myrtie,Ostrich,1996-06-18,NSW,549.5583864888279
Kellen,Pawelski,1945-07-26,NSW,549.5445238312113
Osbourn,Gherardini,1987-05-01,NSW,549.5309296024126
Israel,Brough,1976-10-29,NSW,549.4867853283935
Anson,Dearnaly,1997-06-29,NSW,549.4481388029762
Ferdinand,Romanetti,1959-10-07,NSW,549.434615650965
Anthony,Morison,1938-06-08,NSW,549.4309730341101
Padriac,Collacombe,1967-04-07,NSW,549.349888915721
Glenda,Eliet,1974-06-17,VIC,549.3245815010456
Dmitri,Viant,,VIC,549.3100971340822
Fey,,1957-09-04,VIC,549.2909509351625
Inglebert,Butland,1966-01-30,NSW,549.2709892193801
Ardelis,Forrester,1974-08-28,VIC,549.2682234616391
Rosene,Beckey,1974-05-21,NSW,549.2467179968307
Viki,Coutts,1952-12-14,NSW,549.241730647621
Ted,Izacenko,1959-08-01,VIC,549.236844257268
Austine,Speedy,1940-05-23,NSW,549.2177548990817
Demetria,Bausor,1961-12-22,NSW,549.1995464488534
Hanny,Treven,1991-01-22,QLD,549.198510779156
Teodor,Mullinder,1962-08-26,VIC,549.162785349856
Julietta,Setchfield,1992-01-31,QLD,549.1526858118239
Bessy,Saladin,1939-12-22,QLD,549.0623979904539
Corinna,Suggey,1966-09-18,NSW,549.059426247997
Lucine,Stutt,1979-01-28,QLD,549.0588756912342
Miran,Runchman,1975-07-09,QLD,549.0488947386033
Clari,Voas,1955-07-28,NSW,549.0154581154453
Vincent,Jopke,1972-03-10,VIC,548.9916467867306
Cecil,Gant,1976-07-16,NSW,548.9705035145945
Dorolice,Osmon,1961-01-15,VIC,548.9496834633215
Norina,Blakeway,1980-02-11,VIC,548.9437272901606
Shanon,Rolfe,1941-08-19,NSW,548.930939284272
Brook,Eade,1957-11-17,NSW,548.9281323808299
Briano,Janowski,1994-07-17,NSW,548.8552906059844
Linette,Boman,1949-05-20,NSW,548.829862272423
Worthington,Cohane,1991-01-23,NSW,548.8132219191825
Ferdy,Hornung,1974-05-14,QLD,548.7816548482817
Rhona,De Freyne,1960-11-22,VIC,548.6958933153335
Farlie,Petford,1968-03-25,NSW,548.6598967508045
Wyn,Saynor,1964-06-22,NSW,548.645693624469
Blinnie,Roze,1960-12-10,QLD,548.6340128213118
Corinna,Beretta,1996-02-29,VIC,548.6308130930732
Pauline,Dallosso,,NSW,548.6107496711711
Loria,Tappington,1955-09-06,VIC,548.602571671168
Rickert,Brasted,1959-09-18,NSW,548.5852583197039
Esme,Pilipets,1967-05-06,VIC,548.5246868545662
Sheilakathryn,Huff,1958-05-15,NSW,548.5104378930187
Conway,Juarez,1967-03-02,QLD,548.5026446214998
Loise,Iltchev,1967-03-18,QLD,548.450818504271
Franciska,Stigell,1968-11-15,VIC,548.4234434192299
Claudetta,Ricciardiello,1974-04-30,VIC,548.392263402654
Bunny,Leebetter,1966-04-30,QLD,548.3742990761017
Sawyer,Sponton,1956-02-22,NSW,548.289538575769
Brynn,Goodyear,1944-11-10,VIC,548.2430643557137
Emelen,Bidnall,1981-08-05,NSW,548.2297340024492
Bogey,Attew,1992-11-18,QLD,548.2252950110412
Eachelle,Noirel,1974-01-26,NSW,548.1955051813022
Shane,Killen,1956-10-16,NSW,548.1706706448879
Rosmunda,Duxbarry,1996-07-20,QLD,548.1433975241648
Padraig,Snel,1970-11-08,NSW,548.1051443029766
Inglebert,Aspinal,1973-10-13,NSW,548.0812417573088
Bailey,Bereford,1950-09-30,NSW,548.0255365004111
Weidar,Etheridge,1959-07-13,NSW,548.0221645569476
Reinald,Bembrigg,1953-08-21,NSW,547.9817071317647
Berenice,Kaesmakers,1994-10-15,NSW,547.9371590023734
Agnola,Batterson,1980-01-03,QLD,547.9119685401621
Debbi,Dannatt,1958-12-28,QLD,547.8800784682418
Dorian,Emery,1998-08-24,NSW,547.8536024976102
Gothart,Artus,1978-05-31,NSW,547.8076167970951
Tannie,Gambrell,1967-05-25,QLD,547.8059007663695
Dillon,Bannister,1945-12-24,NSW,547.7796280302854
Raye,Roo,1976-03-07,VIC,547.7643904928071
Taber,Szymon,1947-04-22,QLD,547.7592521349363
Lezlie,Clemits,1973-05-30,NSW,547.7456974843725
Rikki,Chaffey,1945-06-11,QLD,547.716791435747
Byrom,Ramas,1993-11-02,NSW,547.6863012017354
Murial,Bulloch,1964-10-01,NSW,547.634850201598
Jacklin,Duchant,1940-03-18,QLD,547.5659507900833
Kenneth,Elleyne,1957-09-03,VIC,547.5609746627096
Romonda,Hallt,1960-05-09,NSW,547.5431101463962
Mabelle,Wellbelove,1958-04-21,NSW,547.4818529712481
Leonid,Dorricott,1993-11-18,NSW,547.4720287204835
Conroy,Rappaport,1965-01-08,NSW,547.4678656207994
Cathleen,Le Teve,1950-11-06,QLD,547.4346913945842
Alvira,Coulman,1955-06-05,NSW,547.3906596327214
Lacy,Drance,1978-02-05,NSW,547.3833599190563
Bryon,Goundry,1951-02-05,QLD,547.3394961212825
Briana,Trill,1944-03-18,NSW,547.3353389863855
Engracia,Dobbs,1959-04-19,NSW,547.3231438335565
Lea,Ilyinski,1997-09-25,NSW,547.3169873807967
Malvin,Ryhorovich,1962-03-03,QLD,547.247691447695
Dena,Pabst,1987-04-20,VIC,547.2453119842444
Alexander,Broadbent,1997-05-28,NSW,547.2168685170165
Lela,Billing,1970-12-17,NSW,547.1940662320364
Nanni,Girodias,1959-01-08,NSW,547.1878736040718
Martino,Scoles,1975-01-19,VIC,547.1795081483132
Dylan,Stranio,1953-04-02,NSW,547.1622501753149
Noami,Cokly,1962-09-17,NSW,547.1621297064584
Griffith,Escot,1946-10-23,QLD,547.1398892024296
Ange,Chitham,1991-02-14,NSW,547.1190358938446
Alta,Pithcock,1999-11-18,NSW,547.0934378766262
Lesley,Garey,1994-03-29,NSW,547.0916944655517
Caitrin,Critten,1973-01-29,QLD,547.0631803769461
Lynnett,Tipper,1993-08-03,VIC,547.0530719468927
Lyndell,Jereatt,1994-11-28,NSW,546.9925922555657
Mel,Rochford,1989-07-23,VIC,546.938789790308
Franklin,Wohler,1938-10-16,NSW,546.9233422712274
Halette,Borsi,1961-12-10,NSW,546.8761690013722
Jammie,Seldner,1975-02-25,NSW,546.7866469459299
Juliann,Siemantel,1947-12-15,VIC,546.765479178154
Barthel,Docket,1985-08-02,QLD,546.755228749591
Blondie,,1995-10-03,NSW,546.7391576662591
Shawna,Hinrichsen,1969-08-27,NSW,546.6828338572031
Egor,Mariette,1980-11-26,VIC,546.6620108369285
Killie,Densie,1997-03-28,NSW,546.6573272314116
Glendon,Malham,1965-08-21,VIC,546.6499224928691
Feodor,Vickers,1989-11-18,NSW,546.5978432018333
Heinrick,Shilstone,1978-02-11,VIC,546.5728789025611
Neile,Argent,1946-10-25,NSW,546.4602697787251
Almira,Mangion,1996-01-24,NSW,546.4184483836063
Gale,Disbrow,1977-05-14,VIC,546.3604053583457
Alleen,Eaken,1938-08-31,NSW,546.3574959529371
Porter,Buckenhill,1954-06-14,QLD,546.3444993108893
Alanna,Lerway,1944-01-05,VIC,546.3181782502978
Rolland,Esmead,1940-07-13,NSW,546.2718141884411
Katy,Crooke,1977-06-30,NSW,546.2542018119673
Loleta,Aberdalgy,1981-02-15,NSW,546.2399750788293
Roberto,Harme,1951-06-11,NSW,546.2335454798662
Kippar,Brimilcome,1938-11-29,NSW,546.2208756013855
Jobie,Runacres,1975-01-08,NSW,546.1978843188846
Jeno,Strafford,1941-07-21,QLD,546.1859584411282
Beatrix,McGivena,1966-10-18,QLD,546.1655452136455
Carola,Philler,1951-04-30,NSW,546.1542702015645
Kahaleel,,1942-11-01,NSW,546.1447013910893
Harriet,Brattan,1986-12-03,VIC,546.1438165055205
Ottilie,Wanless,1940-11-10,NSW,546.1254841797827
Giana,Staresmeare,1976-04-20,NSW,546.0877018658449
Catha,Davitt,1958-04-16,NSW,546.081551231221
Patrice,Pariss,1954-06-15,QLD,546.0811382176764
Toma,Woolforde,1992-03-09,NSW,546.0590378666983
Konstanze,Hovie,1967-01-09,QLD,546.0146984758181
Esther,McOnie,1939-05-26,NSW,546.009615981128
Mavra,Finan,1967-08-23,NSW,546.0041209104484
Herbert,Henryson,1995-10-10,NSW,545.9721564723249
Willard,Booton,1938-09-02,NSW,545.9505020391218
Donaugh,Benedict,1991-12-01,NSW,545.9120097875181
Yardley,Matten,1991-03-06,QLD,545.9052254095568
Augusta,Munns,1951-09-17,NSW,545.8902133658816
Madison,Lars,1967-01-19,QLD,545.8875506623849
Zechariah,McReidy,1978-07-22,QLD,545.8746972850311
Natividad,Balducci,1991-02-07,VIC,545.8731947641176
Michele,Pammenter,1983-06-26,VIC,545.8702532341572
Leese,Huckleby,1977-09-10,VIC,545.8676179977248
Blondell,Dibdall,1967-01-03,VIC,545.837815448906
Shelli,Bartholomaus,1963-05-11,VIC,545.8133413952651
Sindee,Jasik,1942-10-21,QLD,545.7477099040174
Valerie,Pickover,1965-09-08,NSW,545.7168379535976
Rodney,Trethewey,1997-03-17,VIC,545.7148713872571
Davie,Blay,1985-12-19,NSW,545.6696964992292
Kariotta,Naper,1952-04-07,NSW,545.6509675060285
Vinny,Incogna,1953-02-13,NSW,545.6487500241676
Mariquilla,Springthorpe,1939-04-04,NSW,545.6462838735405
Verne,Loalday,1982-03-20,NSW,545.6456132827838
Kissiah,Foat,1975-09-11,NSW,545.6379265854607
Gilbert,O'Fallone,1994-11-07,NSW,545.5750435505673
Shannen,Lewin,1991-06-07,QLD,545.547048714539
Harman,Lynds,1961-05-27,QLD,545.5444118513013
Datha,Fishburn,1990-07-02,VIC,545.5442542408964
Whit,Emloch,1963-08-20,NSW,545.5328098061591
Reynold,Elman,1940-01-18,NSW,545.520915286347
Arty,Strudwick,1964-01-31,NSW,545.5042482139922
Caron,Kezar,1953-08-08,NSW,545.4983682422966
Farra,Matyushkin,1974-01-24,VIC,545.488825509342
Timi,Duny,1953-03-12,NSW,545.4622129752412
Katleen,Arnoult,1976-11-24,NSW,545.4474343008116
Gordon,Rewan,1988-01-07,NSW,545.3921505959091
Karol,Salthouse,1968-07-29,NSW,545.3289204452542
Daisy,Pollen,1993-08-09,VIC,545.3288703782724
Renie,Fiveash,1992-10-10,QLD,545.2941189257145
Wylie,Huntingdon,1966-08-11,NSW,545.2636681530465
Dorothy,Barnardo,1983-02-01,NSW,545.2550611335847
Lauralee,Fudge,1987-09-21,VIC,545.2482929246304
Lyon,Brittan,1972-04-23,VIC,545.2452856490424
Wilfrid,Gertray,1942-08-23,NSW,545.2264288392669
Tiphanie,Blackader,1947-10-08,NSW,545.1616817606282
Dwayne,Doel,1978-01-21,NSW,545.1498908911636
Suzy,Bussens,1973-04-29,QLD,545.1293062768282
Gallagher,Bromell,1956-12-02,QLD,545.1229081809123
Jamison,Cashin,1970-05-19,NSW,545.096410682086
Kort,Disley,1979-02-05,NSW,545.0117672807171
Charlie,Dmych,1950-03-31,NSW,545.0042075736682
Muffin,Grigolon,1979-10-31,NSW,544.973920769349
Adria,Van den Velde,1978-07-10,NSW,544.9687393705902
Stephen,Tittershill,1991-12-21,VIC,544.8783723257915
Maddalena,Angood,1999-07-28,NSW,544.8559886018443
Don,Spratling,1969-01-05,NSW,544.8178530819828
Letizia,Poore,1938-08-30,VIC,544.8171179728922
Wendye,Kleinplatz,1996-05-28,QLD,544.794265621659
Tessa,Heakey,1971-05-31,VIC,544.7926650015528
Tyne,Anshell,1992-04-08,NSW,544.7655020589052
Delinda,Ech,1944-10-21,VIC,544.7614340453101
Harland,Messenger,1974-05-28,VIC,544.6926544735946
Vyky,Pegg,1943-03-15,NSW,544.6624668680892
Jared,Fendlow,1963-08-25,QLD,544.4453235365994
Roseanne,Caruth,1957-05-25,NSW,544.4195042287704
Thaxter,Kingsbury,1950-05-03,NSW,544.3950919939283
Vittorio,Boxen,1965-08-15,NSW,544.3913646267067
Margette,Gibard,1942-07-06,NSW,544.3807405170514
Calhoun,Mussington,1992-10-13,NSW,544.3716321411296
Collete,Dory,1990-01-09,NSW,544.3247695545248
Callean,Wass,1988-12-15,VIC,544.311799043584
Phyllis,Wibberley,1971-01-10,NSW,544.2368249904284
Michal,Bryan,1969-11-09,QLD,544.2338020093359
Brigitte,Whellams,1973-05-09,NSW,544.2269038129549
Becky,Lassen,1973-05-11,NSW,544.1793778117341
Edin,Patinkin,1992-03-26,VIC,544.1075131362946
Dwain,Hatch,1994-11-16,VIC,544.091485187672
Clevey,Aisthorpe,1976-09-20,NSW,544.0835716995986
Nadiya,Balasini,1950-11-05,NSW,544.0459176905317
Riki,Wandtke,1962-05-12,QLD,544.0271185216028
Geoff,Sitford,1965-02-27,NSW,544.0225796844336
Andromache,Bonafacino,1977-09-01,NSW,544.010738029719
Yuma,Dennick,1972-11-10,NSW,543.9903885625769
Mikel,McNess,1981-09-22,QLD,543.9392554048161
Marcelia,Monkleigh,1993-08-22,QLD,543.9297712691623
Darlleen,Shalcras,1980-09-14,NSW,543.8861067581456
Paquito,Atwood,1972-07-30,VIC,543.8306257624215
Justinn,Haruard,1958-08-28,NSW,543.8196095244232
Jamie,Jiruca,1963-06-16,NSW,543.7792701284461
Mandi,Adamsson,1992-04-07,QLD,543.6691175509163
Claude,Bowstead,1997-11-29,NSW,543.6667641444468
Morganica,Bentke,1977-01-03,VIC,543.532592725892
Wilburt,Padden,1994-09-30,NSW,543.5307385444861
Keelby,Sudlow,1988-09-01,VIC,543.5122415709828
Lizette,McKeaveney,1994-04-11,NSW,543.5012468928762
Mair,Erett,1957-12-05,NSW,543.4847860490688
Mandie,MacAdie,1974-12-25,NSW,543.4634757648934
Claudine,Barstowk,1966-07-20,QLD,543.449305594806
Kamila,Parsonage,1954-03-08,QLD,543.4477012068324
Packston,Wackett,1950-04-26,VIC,543.3606577213039
Cissiee,Baylis,1951-07-22,NSW,543.2725429036336
Nobe,Trowsdale,1968-07-12,VIC,543.1174196728504
Matias,Melloi,1977-02-03,NSW,542.9815051692729
Teddy,Lagadu,1969-07-20,NSW,542.8793885064015
Lanny,Currall,1997-10-23,NSW,542.8180909846874
Biddie,Gorce,1988-01-30,NSW,542.7692547019913
Ian,Rabat,1975-08-04,VIC,542.7619836490828
Frederik,Milan,1997-11-13,NSW,542.730564697416
Averil,Ackery,1970-09-09,NSW,542.7267195720488
Sherrie,Godleman,1978-04-02,VIC,542.7199339689276
Emilie,Brody,1979-05-22,NSW,542.7172146725301
Stephani,Sidsaff,1973-09-29,NSW,542.7048663186558
Sumner,Carrivick,1995-04-09,NSW,542.6829847516595
Jedediah,Kedie,1971-12-29,NSW,542.6546806066391
Tobias,Woodhams,1961-04-15,NSW,542.6503918405439
Meridith,Urwin,1997-03-07,NSW,542.6341621274547
Karney,Burstow,1972-07-02,NSW,542.5680106858679
Jaimie,Lancastle,1972-10-23,NSW,542.5593826540102
Penrod,Tomasicchio,1968-05-28,NSW,542.4379027571551
Essie,Withur,1941-02-26,VIC,542.437106423265
Nichols,Devinn,1979-09-29,NSW,542.4041123547202
Elvin,Trayhorn,1993-06-02,NSW,542.3465307174539
Kaylyn,Jakaway,1980-07-30,NSW,542.3144979533249
Vittoria,Whitney,1981-06-03,NSW,542.305612976117
Allyson,Petchell,1970-03-19,NSW,542.2903276883054
Fancie,Woofendell,1966-09-17,QLD,542.2351571523835
Annabell,Downer,1955-11-25,NSW,542.2267615144724
Aridatha,Sephton,1961-10-22,NSW,542.2038602753363
Cariotta,,1974-08-19,NSW,542.1975451829777
Lincoln,Boler,1976-01-24,VIC,542.1279114662083
Carl,Troyes,1973-03-12,VIC,542.1054090150361
Marie-jeanne,Breawood,1953-10-12,NSW,542.0783253350613
Lolly,Prewer,1997-10-23,NSW,542.0363121970863
Barth,Weare,1946-08-22,NSW,541.9848937402058
Meade,Bampton,1982-04-25,NSW,541.9756766745196
Marysa,Rouchy,1999-02-15,NSW,541.9614682415737
Therese,Brotherhood,1981-07-28,NSW,541.9511364292109
Farlie,Brookz,1963-07-31,NSW,541.9495492651051
Manny,Mandy,1977-01-28,QLD,541.9455851889779
Kathe,Oller,1959-08-20,VIC,541.9306957300016
Keely,Bointon,1988-10-16,QLD,541.9257703330802
Brendis,Pineaux,1978-01-15,NSW,541.921105039051
Rutledge,Hallt,1976-10-06,NSW,541.8732598032982
Hanson,Eastes,1990-05-20,VIC,541.7673706539939
Tamas,Swatman,,QLD,541.7570962802831
Cirillo,Frossell,1968-10-14,NSW,541.7533759382053
Maribeth,Stivani,1954-11-13,NSW,541.7476331685758
Aldin,Newsome,1981-07-06,NSW,541.7151940138153
Antonietta,Egle,1973-09-25,VIC,541.6841507254425
Christie,Anders,1969-10-02,NSW,541.6808631227879
Sim,Constantinou,1992-08-09,NSW,541.6625568233529
Lotty,Loach,1961-08-23,NSW,541.6169828678011
Mandie,Jeffryes,1981-02-16,QLD,541.6091195605102
Fabio,Commuzzo,1961-10-02,VIC,541.6083638717145
Sean,O'Loughlin,1961-03-22,NSW,541.6008203939932
Ardis,Taree,1960-04-12,QLD,541.5102744391334
Laurel,Devennie,1976-09-25,QLD,541.4842235087601
Mandie,Feares,1964-04-19,QLD,541.4205546162203
Rowan,Summerly,1974-07-05,NSW,541.3920012314032
Ferdinand,Billie,1965-09-04,NSW,541.3888570103196
Elvira,Kurten,1973-03-18,NSW,541.3660675293298
Augustus,Bourley,1981-08-17,QLD,541.3171063268719
Ethelred,Sissel,1974-12-25,NSW,541.293101035262
Simonette,,1990-04-06,NSW,541.2866870112013
Hasheem,Groucock,1974-09-17,NSW,541.2493154384827
Becka,Hacon,1965-07-03,VIC,541.208505283033
Alexa,Dillet,1944-10-05,NSW,541.1788643733432
Lek,Pimblett,1955-09-29,NSW,541.1771319542995
Daryle,Marginson,1986-06-27,NSW,541.1273417865078
Abbie,Oldman,1983-11-26,NSW,541.090033197447
Maury,Galego,1992-07-27,VIC,541.057040461189
Zach,Hedman,1981-09-11,NSW,541.0228968089946
Nolly,Ivanchikov,1994-02-10,NSW,540.9976531416338
Kermit,Lebond,1980-02-01,QLD,540.9734352606952
Brynna,Tivers,1974-08-09,QLD,540.9155819886399
Andee,Huke,1971-06-28,VIC,540.9049702639298
Hilliard,Dullard,1954-07-18,NSW,540.8660817695734
Bessie,Roscow,1994-08-04,NSW,540.822017454402
Rosalinde,Cubuzzi,1997-09-04,NSW,540.8072006074758
Kirsteni,Gritskov,1998-05-12,NSW,540.7538580308092
Ermentrude,Heindle,1969-08-02,NSW,540.594932984565
Cordie,Brankley,1954-09-21,NSW,540.5882812855698
Giulia,Hazart,1978-08-02,QLD,540.5777189764763
Sula,Thomann,1989-03-17,NSW,540.5448330634811
Opal,Cleare,1977-09-26,NSW,540.4809904564247
Craggie,Dering,1952-10-05,NSW,540.4027316641607
Judie,Pirkis,1995-07-18,NSW,540.3995213797475
Antonin,Britt,1993-08-28,NSW,540.3606648023657
Chico,Dye,1994-02-04,NSW,540.3274967411387
Laurie,Odlin,1983-03-08,VIC,540.2566823069229
Tanya,Kiefer,1992-07-05,NSW,540.1951890109673
Cicily,Hast,1971-04-26,NSW,540.1908827480055
Luci,Dyter,1952-05-30,VIC,540.091808934651
Jim,Haddrell,1955-04-08,NSW,540.0773657934272
Claudine,Dymick,1965-12-13,VIC,540.0571549306417
Rupert,Marrow,1970-08-08,NSW,539.9360401557592
Glenn,Casbourne,1981-08-08,QLD,539.8449672962201
Nicol,Swinford,1976-12-07,QLD,539.8331089052775
Olag,,1990-05-13,NSW,539.7993442689503
Chanda,Mensler,1972-01-14,NSW,539.7809795574171
Rodrique,Vernon,1978-08-06,VIC,539.7805647515102
Jackie,Pays,1955-11-09,NSW,539.7612655388766
Daisi,Tinwell,1971-12-24,NSW,539.7547372450861
Joline,Skipperbottom,1972-06-27,NSW,539.7307394042242
Garwin,Nurden,1958-04-19,VIC,539.7297372064847
Jenelle,Fearnill,1958-01-03,NSW,539.698561769458
Wheeler,Godsil,1993-09-20,NSW,539.6699737404272
Daisy,Spowart,1967-12-18,QLD,539.6292442963596
Seamus,Cains,1989-12-15,NSW,539.5673892280282
Mitchell,MacCague,1979-04-11,VIC,539.5412569339383
Cordi,Thornton,1973-01-04,NSW,539.5393425393942
Elmira,Vasilyev,1951-10-14,NSW,539.4555403150198
Lynnell,Shoesmith,1981-01-29,NSW,539.4518564040445
Colene,Fishleigh,1985-03-14,VIC,539.4307750833387
Yancy,Clementet,1968-02-16,NSW,539.3948347006816
Rafi,Brettelle,1956-08-12,NSW,539.3911996858999
Antoinette,,1980-07-28,VIC,539.3408406359364
Marcellina,Baynton,1947-03-11,VIC,539.2684270146973
Morganica,Ainsbury,1973-01-06,NSW,539.2415006761262
Katharine,Redbourn,1967-09-11,VIC,539.2063369085643
Lavena,Seekings,1995-03-25,VIC,539.1473932771771
Noak,Sleany,1965-05-04,VIC,539.0650678966617
Carr,Hopkynson,1971-10-18,NSW,539.0579468632774
Carolann,Raatz,1979-02-26,VIC,539.0553059380837
Gabrila,Toopin,1963-01-14,NSW,538.995000427938
Tessa,Friese,1976-10-24,QLD,538.899236864047
Candy,,1977-12-08,VIC,538.8283462940417
Ashby,Bispham,1981-10-29,NSW,538.8024733264077
Fayre,Brannigan,1992-10-13,NSW,538.7966785504717
Rowen,Sollas,1960-04-23,QLD,538.7770681745433
Babara,Sissel,1974-06-08,VIC,538.7602035170748
Lisette,Davers,1940-10-26,NSW,538.7385924178556
Kipper,Circuit,1974-12-12,NSW,538.6372859721275
Thorn,Stigers,1972-05-19,QLD,538.5329648891142
Jesse,Alflat,1984-09-01,NSW,538.4114364519272
Sada,Dowyer,1998-11-22,NSW,538.3620613609561
Dukie,Swire,1954-03-31,NSW,538.3120160469883
Patricia,Everix,1978-02-19,NSW,538.2565288871426
Eustacia,Dornan,1985-09-02,VIC,538.2430482375544
Bambi,Cogger,1990-07-12,NSW,538.2380302533222
Morgen,Newport,1960-08-31,VIC,538.2354017846122
Flore,Cashen,1978-06-21,NSW,538.2212805922707
Agnella,Capener,1969-05-21,VIC,538.172771653761
Thaddus,Joder,1957-12-10,NSW,538.0176949676284
Egon,Ortells,1976-06-11,NSW,537.9990162183582
Gaultiero,Fibbens,1980-03-14,NSW,537.6854944622947
Aloysius,Glowacz,1979-03-24,NSW,537.621524575573
Odessa,Mc Andrew,1981-12-01,NSW,537.5641057447292
Francklin,Cross,1981-04-06,NSW,537.5515741361446
Angie,Tansley,1950-11-30,NSW,537.4452213757132
Tillie,Bisseker,1960-08-10,NSW,537.3727274060324
Bartram,Di Lucia,1961-01-03,NSW,537.3719909187566
Hallsy,Voysey,1970-03-11,VIC,537.3639197986386
Sunny,Christescu,1975-03-12,NSW,537.3620682464878
Terrel,Keynd,1961-04-20,QLD,537.3144055156332
Adriena,Giffin,1957-03-17,NSW,537.2108053836228
Kipp,Stockport,1982-12-10,NSW,537.2080677076185
Alexina,Mabley,1975-10-12,NSW,537.1844038207909
Melinda,Hadlee,1965-09-21,NSW,537.1551311408189
Rubia,Evetts,1990-12-21,NSW,537.1266968756457
Sloan,Pudney,1964-11-10,QLD,537.0991664663006
Harvey,Dwelley,1973-08-30,NSW,536.8999134678668
Kinna,Kollasch,1986-11-09,QLD,536.8951942761009
Freddi,Litherborough,1989-01-14,NSW,536.8586156667808
Sonia,Dunstall,1975-07-30,NSW,536.8196407862629
Tristam,Larose,1985-01-29,NSW,536.7791916254279
Mick,Macewan,1967-12-12,NSW,536.765167353815
Celia,Bryden,1943-04-06,NSW,536.757167977295
Ludovico,Juster,1992-04-19,NSW,536.7541060544893
Elbertina,Fendley,1992-03-27,NSW,536.7279165377133
Reinaldos,Simmig,1955-01-15,VIC,536.6723866806852
Clarabelle,Broschek,1963-08-25,QLD,536.5766830969994
Damian,Renard,1976-07-19,NSW,536.5523556142533
Kellina,Haygreen,1966-01-19,NSW,536.3257141692517
Chryste,Oddboy,1988-08-22,NSW,536.2896693551646
Cherye,Stanfield,1981-07-05,NSW,536.2701142957262
Liane,Abelevitz,1976-11-25,VIC,536.2672953404359
Cliff,Philipsson,1967-02-02,VIC,536.175130461859
Gretna,Thredder,1966-01-08,NSW,536.1558282134778
Marilin,Frome,1975-12-22,NSW,536.118068443021
Maurizia,Ritmeyer,1980-04-09,NSW,535.9275015934724
Marylou,Kirkup,1972-10-31,VIC,535.9037079439652
Shepperd,Leonards,1981-04-14,NSW,535.8806928828554
Olia,O' Mullan,1973-03-24,NSW,535.8409719070086
Stearne,Trolley,1982-02-01,NSW,535.8395958952217
Sonny,McCart,1992-08-27,VIC,535.64912318469
Karly,Willavize,1954-08-12,NSW,535.3956006258665
Ilise,Clissold,1987-11-16,NSW,535.3047487232878
Sada,Branton,1974-06-24,VIC,535.1950032511368
Wolf,Craft,1995-07-19,NSW,535.192268760314
Lark,Gonet,1972-01-17,NSW,535.0110295638955
Dolley,Starmont,1977-11-08,QLD,534.9476478725322
Clarine,Piecha,1964-12-07,QLD,534.9114630446437
Esther,Rooson,1981-02-22,NSW,534.8116745393299
David,Napoleon,1961-11-05,NSW,534.8081756948623
Donica,Humby,1967-06-01,NSW,534.79149342747
Irvin,Bevans,1962-07-12,NSW,534.7702013342017
Dorian,Rustman,1974-12-09,QLD,534.7176667295138
Aurie,Rhead,1962-07-28,NSW,534.6712580210002
Gabey,Kennicott,1958-05-14,NSW,534.5912138437322
Lizbeth,Garvan,1996-09-06,NSW,534.5444667718632
Heloise,Fairpool,1976-09-07,QLD,534.4269659361534
Genni,Fanstone,1972-07-29,VIC,534.394618828967
Morly,Genery,1970-03-22,NSW,534.3557420485373
Lucretia,D'Agostini,1978-12-14,VIC,534.336236202011
Menard,Venmore,1978-04-04,NSW,534.29103305797
Ellie,Toope,1973-08-11,NSW,534.2781730817611
Guenna,Filisov,1969-02-09,NSW,534.2545761426428
Nichole,Leisman,1986-08-07,NSW,534.2341303349178
Janaye,Eade,1984-12-13,NSW,534.2127292615808
Bernardine,Delmonti,1971-03-31,NSW,534.13829330449
Adriane,Richardson,1976-03-10,VIC,534.0288540825447
Nowell,Preddy,1985-07-23,NSW,534.0158331389697
Sandor,Stirland,1981-05-26,VIC,534.0124187053451
Ashlen,Willbond,1984-05-15,VIC,533.8672623044858
Carita,Sand,1977-03-20,NSW,533.7761275351588
Davide,Senten,1941-02-23,NSW,533.7286096239221
Dulce,Bradwell,1957-07-03,QLD,533.6721084495276
Peria,Rantoull,1975-03-13,QLD,533.4999621246694
Tanner,Terlinden,1995-12-09,VIC,533.2339299710826
Philbert,Raraty,1956-06-28,NSW,532.9926965544006
Winnifred,Beswetherick,1976-06-08,VIC,532.8980167536319
Winn,Wells,1994-04-12,NSW,532.8552577679504
Omero,McDonand,1952-04-01,NSW,532.7817955012957
Honey,Gosdin,1981-11-29,NSW,532.7220612252354
Bengt,Bilson,1972-11-02,NSW,532.6616349673048
Gardie,Crellim,1975-09-12,VIC,532.6250935586486
Otis,,1971-01-11,NSW,532.5878693323986
Jillane,Simion,1974-07-03,QLD,532.3382703236468
Davidde,Cockroft,1947-04-21,NSW,532.3129294953463
Wyn,Meach,1938-09-10,NSW,532.1049830457662
Dolorita,Strutton,1991-05-21,VIC,532.0002128678142
Maurine,Clee,1980-09-13,NSW,531.9002135155937
Wrennie,Dwelly,1940-03-11,VIC,531.8977762883691
Tamar,Windmill,1939-08-28,NSW,531.659440227957
Gipsy,Ewestace,1956-08-30,NSW,531.5045023578634
Madella,Marquiss,1976-10-08,VIC,531.4620517196909
Haskell,Moxted,1943-08-27,NSW,531.1475574283236
Claudette,Renackowna,1996-02-11,NSW,531.1242099886286
Keriann,Newham,1975-03-26,QLD,530.5241102321662
Ivy,Farr,1973-07-03,NSW,530.2855469173645
Denny,Spleving,1973-05-13,NSW,530.2103651650806
Katheryn,Kinner,1973-11-28,NSW,530.1197476742
Robert,Corkill,1976-03-12,NSW,529.7829820277697
Maisie,Maddox,1977-05-09,VIC,529.4801229727844
Duff,Karlowicz,1972-04-28,NSW,529.453178119867
Karrah,Howell,1956-11-07,NSW,529.2953000209903
Malorie,Votier,1990-05-29,QLD,529.2894093223352
Donn,MacGregor,1965-04-22,NSW,529.0976743385614
Paulina,Iannuzzelli,1956-03-08,NSW,528.9661846631254
Tyne,Coate,1965-07-15,NSW,528.9277172704031
Melba,Spellacy,1976-12-09,NSW,528.8859213463385
Elvira,Darthe,1975-04-08,NSW,528.7096376541638
Reggie,Kernar,1971-11-28,NSW,528.5782212310269
Quentin,Gerleit,1990-09-15,VIC,528.4650665116633
Guss,Karim,1968-11-24,NSW,528.4395877677382
Dyann,Olechnowicz,1939-07-17,VIC,527.7085797839061
Micheil,Fleote,1975-09-20,NSW,527.5022137496559
Erminie,Rabidge,1982-03-09,NSW,526.9271671992536
Sherill,,1991-12-18,NSW,526.8613863118792
Beverlee,Ungerechts,1973-10-03,QLD,526.3455442244516
Martelle,Tuppeny,1981-02-03,NSW,526.2980030393837
Andriana,Gosnoll,1964-05-19,NSW,525.9495815548631
Brena,Schnitter,1982-10-11,QLD,525.8830789707703
Sammy,Borsi,1972-04-27,NSW,525.4567958556358
Roch,Symson,1978-05-13,VIC,524.8176709949627
Robenia,Monks,1959-05-08,QLD,524.4491380857974
Kizzee,Agget,1976-07-25,NSW,523.6877488291128
Wilone,Champley,1983-11-06,NSW,517.4033087538812
Theresa,Cowper,1976-08-24,NSW,514.3929401017706
Kaela,Romaines,1971-11-27,NSW,513.7983945974241
Aleece,Feige,1975-09-16,NSW,510.86006231578955
